record_id,source_table,webcam_id,image_url,llm_quality,llm_is_sunset,llm_is_sunrise,llm_confidence,llm_has_clouds,llm_color_palette,llm_obstruction,llm_time_of_day,llm_sky_coverage,llm_rating_explanation,llm_model,llm_provider,rated_at,human_calculated_rating,human_rating_count
66500,webcam,3153444,https://storage.googleapis.com/sunrisesunset-32a25.firebasestorage.app/snapshots/3153444/1764618967009.jpg,0.0,False,False,0.95,False,monochrome black and gray,fog,night,full,This is a nighttime foggy scene with artificial street lighting and no visible sunset or sunrise colors.,claude-sonnet-4-5,anthropic,2026-05-07T06:35:55.652321+00:00,1.00,1
66501,webcam,3759756,https://storage.googleapis.com/sunrisesunset-32a25.firebasestorage.app/snapshots/3759756/1764618970072.jpg,0.0,False,False,0.95,False,"grayscale, monochrome",rain on lens,night,none,No sunset or sunrise visible; image shows nighttime conditions with severe water droplets/condensation obscuring the lens completely.,claude-sonnet-4-5,anthropic,2026-05-07T06:36:00.649286+00:00,1.00,1
66525,webcam,103,https://storage.googleapis.com/sunrisesunset-32a25.firebasestorage.app/snapshots/103/1770144681900.jpg,0.0,False,False,1.0,False,gray and white,no camera feed available,unclear,none,"No live camera feed is available, showing only an error message with no sky or sunset visible.",claude-sonnet-4-5,anthropic,2026-05-07T06:36:05.393256+00:00,1.00,1
66546,webcam,2946548,https://storage.googleapis.com/sunrisesunset-32a25.firebasestorage.app/snapshots/2946548/1770149249053.jpg,0.45,True,False,0.75,False,soft orange and peach fading to pale blue,,golden_hour,mostly,"Gentle sunset colors visible on the horizon with minimal drama, mostly clear sky with subtle warm tones.",claude-sonnet-4-5,anthropic,2026-05-07T06:36:10.418615+00:00,4.00,1
66547,webcam,5137840,https://storage.googleapis.com/sunrisesunset-32a25.firebasestorage.app/snapshots/5137840/1770149256826.jpg,0.55,True,False,0.75,True,"Soft pink, peach, and blue-gray tones with dark storm clouds",,twilight,full,"Moderate sunset colors with dramatic storm clouds but limited vibrant oranges and reds, creating a moody twilight scene.",claude-sonnet-4-5,anthropic,2026-05-07T06:36:16.044932+00:00,3.00,1
66548,webcam,9728932,https://storage.googleapis.com/sunrisesunset-32a25.firebasestorage.app/snapshots/9728932/1770149258868.jpg,0.0,False,False,0.95,False,"black, dark gray",,night,full,Completely dark night scene with no visible sunset or sunrise colors.,claude-sonnet-4-5,anthropic,2026-05-07T06:36:20.718242+00:00,1.00,1
66549,webcam,4589070,https://storage.googleapis.com/sunrisesunset-32a25.firebasestorage.app/snapshots/4589070/1770149261198.jpg,0.0,False,False,0.95,False,"gray, monochromatic, overcast",fog,unclear,full,"Heavy fog obscures all details with no visible sun, color, or sunset/sunrise characteristics.",claude-sonnet-4-5,anthropic,2026-05-07T06:36:27.061942+00:00,1.00,1
66550,webcam,10163488,https://storage.googleapis.com/sunrisesunset-32a25.firebasestorage.app/snapshots/10163488/1770149265352.jpg,0.35,True,False,0.7,True,Dark gray and muted orange with dim twilight tones,,twilight,partial,"Weak twilight colors with mostly overcast gray clouds and minimal orange glow near the horizon, obscured by terrain and lighting.",claude-sonnet-4-5,anthropic,2026-05-07T06:36:32.632531+00:00,1.00,1
66551,webcam,10162590,https://storage.googleapis.com/sunrisesunset-32a25.firebasestorage.app/snapshots/10162590/1770149267234.jpg,0.45,True,True,0.7,False,bright white light with gray tones,,golden_hour,partial,Bright sun visible on horizon with moderate glow but minimal color due to overexposure and grayscale rendering.,claude-sonnet-4-5,anthropic,2026-05-07T06:36:38.375564+00:00,1.00,1
66552,webcam,10495330,https://storage.googleapis.com/sunrisesunset-32a25.firebasestorage.app/snapshots/10495330/1770149280494.jpg,0.45,True,True,0.75,False,"pale blue sky with bright white-yellow sun, minimal warm tones",,golden_hour,full,"Clear sunrise with bright sun visible but minimal color development in the sky, mostly pale blue with limited warm hues.",claude-sonnet-4-5,anthropic,2026-05-07T06:36:44.684660+00:00,5.00,1
66553,webcam,3798295,https://storage.googleapis.com/sunrisesunset-32a25.firebasestorage.app/snapshots/3798295/1770149292027.jpg,0.55,True,False,0.75,False,Deep teal blue transitioning to warm orange and peach near horizon,,twilight,full,Moderate color gradient from teal to orange with clear sky but lacking dramatic clouds or intense saturation.,claude-sonnet-4-5,anthropic,2026-05-07T06:36:50.287597+00:00,4.00,1
66554,webcam,301,https://storage.googleapis.com/sunrisesunset-32a25.firebasestorage.app/snapshots/301/1770171566906.jpg,0.45,True,False,0.75,False,pale orange and blue-gray gradient,,twilight,partial,"Subtle twilight colors with a faint orange glow on the horizon, but limited dramatic color or cloud features.",claude-sonnet-4-5,anthropic,2026-05-07T06:36:55.674334+00:00,1.00,1
66555,webcam,400,https://storage.googleapis.com/sunrisesunset-32a25.firebasestorage.app/snapshots/400/1770171577975.jpg,0.45,True,False,0.7,False,"pale yellow, soft orange, muted beige",rain on lens,golden_hour,partial,"Modest golden hour glow with pale colors, but heavily obscured by water droplets or condensation on the lens reducing clarity and vibrancy.",claude-sonnet-4-5,anthropic,2026-05-07T06:37:01.247523+00:00,3.00,1
66556,webcam,368,https://storage.googleapis.com/sunrisesunset-32a25.firebasestorage.app/snapshots/368/1770171579450.jpg,0.72,True,False,0.85,True,"Soft orange, pink, purple, and blue gradient",,twilight,full,Vivid pastel colors with layered clouds creating a beautiful gradient across the entire sky at sunset.,claude-sonnet-4-5,anthropic,2026-05-07T06:37:06.740948+00:00,4.00,1
66557,webcam,2923203,https://storage.googleapis.com/sunrisesunset-32a25.firebasestorage.app/snapshots/2923203/1770171586296.jpg,0.72,True,False,0.85,False,warm golden orange and pink tones with blue-gray mountains,rain on lens,golden_hour,partial,"Golden hour light bathes the landscape in warm orange and pink hues with good color saturation, though water droplets on lens partially obstruct the view.",claude-sonnet-4-5,anthropic,2026-05-07T06:37:12.990039+00:00,1.00,1
66558,webcam,2922913,https://storage.googleapis.com/sunrisesunset-32a25.firebasestorage.app/snapshots/2922913/1770171595543.jpg,0.65,True,True,0.75,False,"soft orange, peach, and pale blue gradient",,golden_hour,full,"Pleasant golden hour light with warm orange glow on buildings and soft peachy sky tones, though lacking dramatic clouds or intense colors.",claude-sonnet-4-5,anthropic,2026-05-07T06:37:18.431235+00:00,2.00,1
66559,webcam,2924752,https://storage.googleapis.com/sunrisesunset-32a25.firebasestorage.app/snapshots/2924752/1770171598889.jpg,0.0,False,False,0.95,False,"overcast gray, uniform dull sky",,day,full,"Completely overcast gray sky with no visible sun, color, or sunset/sunrise characteristics.",claude-sonnet-4-5,anthropic,2026-05-07T06:37:22.716022+00:00,1.00,1
66560,webcam,5649571,https://storage.googleapis.com/sunrisesunset-32a25.firebasestorage.app/snapshots/5649571/1770171601141.jpg,0.35,True,False,0.75,False,pale orange and yellow gradient fading to blue-gray,,twilight,partial,Weak sunset with minimal color showing only a faint orange-yellow glow on the horizon with limited dramatic effect.,claude-sonnet-4-5,anthropic,2026-05-07T06:37:27.294682+00:00,1.00,1
66561,webcam,5713644,https://storage.googleapis.com/sunrisesunset-32a25.firebasestorage.app/snapshots/5713644/1770171605165.jpg,0.0,False,False,0.95,True,overcast gray and white,,day,partial,"Completely overcast gray sky with no visible sun, warm colors, or sunset/sunrise characteristics.",claude-sonnet-4-5,anthropic,2026-05-07T06:37:33.179803+00:00,1.00,1
66562,webcam,8211030,https://storage.googleapis.com/sunrisesunset-32a25.firebasestorage.app/snapshots/8211030/1770171608479.jpg,0.0,False,False,0.95,True,"gray, overcast, muted teal-blue",,day,full,"Overcast gray sky with no visible sun, warm colors, or golden/pink hues typical of sunrise or sunset.",claude-sonnet-4-5,anthropic,2026-05-07T06:37:38.447720+00:00,1.00,1
66563,webcam,333,https://storage.googleapis.com/sunrisesunset-32a25.firebasestorage.app/snapshots/333/1770171612791.jpg,0.45,True,True,0.75,False,pale orange and pink gradient with light blue sky,,golden_hour,partial,"Soft pastel colors visible on the horizon with minimal dramatic intensity, terrain occupies most of the frame limiting sky visibility.",claude-sonnet-4-5,anthropic,2026-05-07T06:37:45.451037+00:00,1.00,1
66564,webcam,536,https://storage.googleapis.com/sunrisesunset-32a25.firebasestorage.app/snapshots/536/1770171617152.jpg,0.35,True,False,0.75,True,"pale orange, gray, muted blue",,twilight,full,Weak twilight colors with mostly gray clouds and only subtle orange glow near the horizon.,claude-sonnet-4-5,anthropic,2026-05-07T06:37:51.080687+00:00,2.00,1
66565,webcam,21846,https://storage.googleapis.com/sunrisesunset-32a25.firebasestorage.app/snapshots/21846/1770171621166.jpg,0.25,True,True,0.7,False,"pale blue, soft pink-purple gradient",,blue_hour,full,"Very subtle blue hour coloring with minimal pink-purple tones in a mostly pale sky, likely early sunrise in snowy conditions.",claude-sonnet-4-5,anthropic,2026-05-07T06:37:56.611751+00:00,1.00,1
66566,webcam,12451,https://storage.googleapis.com/sunrisesunset-32a25.firebasestorage.app/snapshots/12451/1770171627263.jpg,0.45,True,False,0.75,True,Soft orange and yellow gradient fading to gray-blue,,twilight,full,Modest sunset colors with some warm tones near the horizon but mostly subdued gray-blue sky with limited dramatic impact.,claude-sonnet-4-5,anthropic,2026-05-07T06:38:01.420523+00:00,4.00,1
66567,webcam,3375326,https://storage.googleapis.com/sunrisesunset-32a25.firebasestorage.app/snapshots/3375326/1770177196250.jpg,0.45,True,False,0.75,False,pale yellow and white with muted orange horizon,,golden_hour,full,"Moderate sunset with pale golden light and minimal color intensity, lacking dramatic clouds or vivid hues.",claude-sonnet-4-5,anthropic,2026-05-07T06:38:07.129560+00:00,4.00,1
66568,webcam,2926564,https://storage.googleapis.com/sunrisesunset-32a25.firebasestorage.app/snapshots/2926564/1770177199707.jpg,0.35,True,False,0.75,True,Muted gray and pale yellow with hints of orange near horizon,,twilight,full,Overcast conditions with only subtle warm tones breaking through the heavy cloud cover near the horizon.,claude-sonnet-4-5,anthropic,2026-05-07T06:38:11.966450+00:00,1.00,1
66569,webcam,4520535,https://storage.googleapis.com/sunrisesunset-32a25.firebasestorage.app/snapshots/4520535/1770177210846.jpg,0.35,True,True,0.7,True,"pale gray, soft white, muted pastels",,twilight,full,"Subtle twilight colors with overcast conditions limiting vibrant hues, though some soft illumination is present in the clouds.",claude-sonnet-4-5,anthropic,2026-05-07T06:38:16.998458+00:00,2.00,1
66570,webcam,2926257,https://storage.googleapis.com/sunrisesunset-32a25.firebasestorage.app/snapshots/2926257/1770177217659.jpg,0.45,True,True,0.75,True,"Soft peach, pale orange, and light blue-gray",,golden_hour,mostly,"Gentle pastel colors with modest orange glow and some cloud interest, but lacks dramatic intensity or vivid saturation.",claude-sonnet-4-5,anthropic,2026-05-07T06:38:25.906554+00:00,4.00,1
66571,webcam,153,https://storage.googleapis.com/sunrisesunset-32a25.firebasestorage.app/snapshots/153/1770177219043.jpg,0.45,True,True,0.75,False,golden yellow and orange gradient fading to dark blue-gray,,twilight,full,Moderate golden glow on horizon with clear gradient but lacking dramatic clouds or vivid colors for a higher rating.,claude-sonnet-4-5,anthropic,2026-05-07T06:38:31.733565+00:00,5.00,1
66572,webcam,10067720,https://storage.googleapis.com/sunrisesunset-32a25.firebasestorage.app/snapshots/10067720/1770177225688.jpg,0.45,True,True,0.75,False,"soft pink, peach, and pale blue gradient",,golden_hour,full,Gentle pastel colors with a clear gradient but lacking dramatic clouds or vivid saturation for a higher rating.,claude-sonnet-4-5,anthropic,2026-05-07T06:38:36.340041+00:00,5.00,1
66573,webcam,2978042,https://storage.googleapis.com/sunrisesunset-32a25.firebasestorage.app/snapshots/2978042/1770177234539.jpg,0.0,False,False,0.95,False,"overcast gray, muted greens",,day,partial,Overcast daytime conditions with no visible sunset or sunrise colors in the sky.,claude-sonnet-4-5,anthropic,2026-05-07T06:38:40.796317+00:00,1.00,1
66574,webcam,331,https://storage.googleapis.com/sunrisesunset-32a25.firebasestorage.app/snapshots/331/1770177237926.jpg,0.45,True,False,0.75,False,Pale blue transitioning to soft peach and orange near horizon,fog,twilight,full,Moderate sunset colors visible through fog/haze with gentle gradient but lacking dramatic clouds or vivid saturation.,claude-sonnet-4-5,anthropic,2026-05-07T06:38:45.754198+00:00,3.00,1
66575,webcam,536,https://storage.googleapis.com/sunrisesunset-32a25.firebasestorage.app/snapshots/536/1770177244045.jpg,0.55,True,False,0.75,True,"Soft orange, pink, and purple hues with gray-blue clouds",building,twilight,mostly,"Moderate sunset colors visible through clouds with decent orange and purple tones, though partially obscured by the elevated building structure in the foreground.",claude-sonnet-4-5,anthropic,2026-05-07T06:38:51.804752+00:00,5.00,1
66576,webcam,8223042,https://storage.googleapis.com/sunrisesunset-32a25.firebasestorage.app/snapshots/8223042/1770178352991.jpg,0.45,True,False,0.75,False,soft pink and purple hues with muted orange tones,,twilight,full,Gentle pastel colors visible in the sky but lacking dramatic intensity or vivid saturation typical of higher quality sunsets.,claude-sonnet-4-5,anthropic,2026-05-07T06:38:57.028338+00:00,1.00,1
66577,webcam,7450206,https://storage.googleapis.com/sunrisesunset-32a25.firebasestorage.app/snapshots/7450206/1770178355890.jpg,0.35,True,False,0.75,True,Muted peach and gray with pale yellow horizon,,twilight,full,Weak sunset with minimal color showing only a faint peach glow through heavy overcast clouds.,claude-sonnet-4-5,anthropic,2026-05-07T06:39:02.158100+00:00,1.00,1
66578,webcam,137,https://storage.googleapis.com/sunrisesunset-32a25.firebasestorage.app/snapshots/137/1770178372375.jpg,0.55,True,False,0.75,True,Muted golden yellows and grays with dark storm clouds,,golden_hour,mostly,Moderate golden light breaking through heavy storm clouds creates some atmospheric interest but lacks vibrant colors.,claude-sonnet-4-5,anthropic,2026-05-07T06:39:06.857633+00:00,1.00,1
66579,webcam,8221516,https://storage.googleapis.com/sunrisesunset-32a25.firebasestorage.app/snapshots/8221516/1770178378000.jpg,0.65,True,False,0.75,False,"soft pink, peach, and blue gradient",,golden_hour,full,"Pleasant pastel sunset colors with a smooth gradient from pink to blue, but lacking dramatic clouds or intense saturation.",claude-sonnet-4-5,anthropic,2026-05-07T06:39:12.005147+00:00,3.00,1
66580,webcam,609,https://storage.googleapis.com/sunrisesunset-32a25.firebasestorage.app/snapshots/609/1770178384095.jpg,0.35,True,False,0.7,True,pale yellow and gray with muted orange tones,,twilight,full,"Weak sunset with minimal color showing through overcast winter sky, mostly gray with faint warm tones near horizon.",claude-sonnet-4-5,anthropic,2026-05-07T06:39:17.504573+00:00,1.00,1
66581,webcam,2926722,https://storage.googleapis.com/sunrisesunset-32a25.firebasestorage.app/snapshots/2926722/1770178391707.jpg,0.0,False,False,1.0,True,uniform gray overcast,,day,partial,"Completely overcast gray sky with no visible sun, colors, or sunset/sunrise characteristics.",claude-sonnet-4-5,anthropic,2026-05-07T06:39:22.017346+00:00,1.00,1
66582,webcam,640640,https://storage.googleapis.com/sunrisesunset-32a25.firebasestorage.app/snapshots/640640/1770178395019.jpg,0.0,False,False,0.95,True,uniform gray overcast,,day,full,"Completely overcast gray sky with no visible sun, color, or sunset/sunrise characteristics.",claude-sonnet-4-5,anthropic,2026-05-07T06:39:27.157497+00:00,1.00,1
66583,webcam,3792954,https://storage.googleapis.com/sunrisesunset-32a25.firebasestorage.app/snapshots/3792954/1770178402380.jpg,0.25,True,False,0.6,False,"grayscale, washed out white and gray tones",,unclear,full,"Image appears to show a sunset/sunrise over water but is extremely washed out or overexposed with no visible color, only gray and white tones.",claude-sonnet-4-5,anthropic,2026-05-07T06:39:32.661124+00:00,1.00,1
66584,webcam,9669371,https://storage.googleapis.com/sunrisesunset-32a25.firebasestorage.app/snapshots/9669371/1770178407274.jpg,0.0,False,False,0.95,False,"overcast gray, uniform white-gray sky",,day,partial,"Completely overcast daytime sky with no sunset or sunrise colors visible, just uniform gray cloud cover.",claude-sonnet-4-5,anthropic,2026-05-07T06:39:38.226368+00:00,1.00,1
66585,webcam,9669619,https://storage.googleapis.com/sunrisesunset-32a25.firebasestorage.app/snapshots/9669619/1770178411188.jpg,0.0,False,False,1.0,False,monochrome gray/white,,night,none,This is an indoor nighttime image of what appears to be an ice rink or covered facility with no sky visible at all.,claude-sonnet-4-5,anthropic,2026-05-07T06:39:43.519378+00:00,1.00,1
66586,webcam,7040222,https://storage.googleapis.com/sunrisesunset-32a25.firebasestorage.app/snapshots/7040222/1770178415236.jpg,0.0,False,False,0.95,True,"gray, white, overcast",,day,full,Completely overcast gray sky with no visible sun or sunset/sunrise colors.,claude-sonnet-4-5,anthropic,2026-05-07T06:39:50.993689+00:00,1.00,1
66587,webcam,1792,https://storage.googleapis.com/sunrisesunset-32a25.firebasestorage.app/snapshots/1792/1770178421426.jpg,0.0,False,False,0.95,False,"complete darkness, black",,night,full,"The image shows complete darkness with no visible sunset, sunrise, or any sky colors whatsoever.",claude-sonnet-4-5,anthropic,2026-05-07T06:39:56.208801+00:00,1.00,1
66588,webcam,3563010,https://storage.googleapis.com/sunrisesunset-32a25.firebasestorage.app/snapshots/3563010/1770178913417.jpg,0.55,True,False,0.75,False,golden yellow and orange gradient fading to blue-gray,,golden_hour,full,Decent sunset with warm golden-orange horizon colors but lacking dramatic clouds or vivid saturation.,claude-sonnet-4-5,anthropic,2026-05-07T06:40:00.702550+00:00,5.00,1
66589,webcam,2927004,https://storage.googleapis.com/sunrisesunset-32a25.firebasestorage.app/snapshots/2927004/1770178917291.jpg,0.0,False,False,0.95,False,gray and white overcast,fog,day,full,"No sunset or sunrise visible, just heavy fog or overcast conditions obscuring any sky colors.",claude-sonnet-4-5,anthropic,2026-05-07T06:40:05.786987+00:00,1.00,1
66590,webcam,3313596,https://storage.googleapis.com/sunrisesunset-32a25.firebasestorage.app/snapshots/3313596/1770178924655.jpg,0.72,True,True,0.75,True,"Soft golden, pale blue, and warm amber tones",fog,golden_hour,full,"Beautiful golden light illuminating an ornate church through atmospheric fog with soft pastel sky colors, though fog reduces some color intensity.",claude-sonnet-4-5,anthropic,2026-05-07T06:40:18.842202+00:00,1.00,1
66591,webcam,3656741,https://storage.googleapis.com/sunrisesunset-32a25.firebasestorage.app/snapshots/3656741/1770178927827.jpg,0.25,True,True,0.7,False,Deep blue gradient with faint orange glow on horizon,,blue_hour,full,Minimal color present with only a faint orange-pink glow on the distant horizon during blue hour in a snowy landscape.,claude-sonnet-4-5,anthropic,2026-05-07T06:40:23.862911+00:00,1.00,1
66592,webcam,8190097,https://storage.googleapis.com/sunrisesunset-32a25.firebasestorage.app/snapshots/8190097/1770178931742.jpg,0.0,False,False,1.0,False,"dark gray, black",,night,none,This is an error message screen with no actual webcam view of the sky visible.,claude-sonnet-4-5,anthropic,2026-05-07T06:40:28.677323+00:00,1.00,1
66593,webcam,10520373,https://storage.googleapis.com/sunrisesunset-32a25.firebasestorage.app/snapshots/10520373/1770178940958.jpg,0.45,True,False,0.75,False,"pale orange, peach, and light blue gradient",,golden_hour,partial,"Soft peachy-orange glow near the horizon with minimal dramatic color or cloud features, indicating a modest sunset.",claude-sonnet-4-5,anthropic,2026-05-07T06:40:34.285353+00:00,1.00,1
66594,webcam,5379767,https://storage.googleapis.com/sunrisesunset-32a25.firebasestorage.app/snapshots/5379767/1770179073643.jpg,0.35,True,False,0.7,True,Deep blue and gray with subtle purple tones,,blue_hour,full,Blue hour scene with muted colors and overcast clouds showing minimal warm tones from the sunset.,claude-sonnet-4-5,anthropic,2026-05-07T06:40:40.215849+00:00,1.00,1
66595,webcam,10144729,https://storage.googleapis.com/sunrisesunset-32a25.firebasestorage.app/snapshots/10144729/1770182931989.jpg,0.0,False,False,0.95,False,overcast gray-white sky,,day,partial,"Completely overcast daytime conditions with no visible sun, color, or sunset/sunrise characteristics.",claude-sonnet-4-5,anthropic,2026-05-07T06:40:45.875592+00:00,1.00,1
66596,webcam,9252619,https://storage.googleapis.com/sunrisesunset-32a25.firebasestorage.app/snapshots/9252619/1770182933847.jpg,0.55,True,False,0.75,True,"soft pink, lavender, and pale blue with golden horizon",,twilight,mostly,"Decent sunset with pastel colors and some cloud detail, though not particularly dramatic or vivid.",claude-sonnet-4-5,anthropic,2026-05-07T06:40:51.785743+00:00,1.00,1
66597,webcam,7687669,https://storage.googleapis.com/sunrisesunset-32a25.firebasestorage.app/snapshots/7687669/1770182936237.jpg,0.0,False,False,0.95,False,overcast gray-white sky,,day,partial,Overcast daytime sky with no visible sunset or sunrise colors present.,claude-sonnet-4-5,anthropic,2026-05-07T06:40:57.038421+00:00,1.00,1
66598,webcam,16360,https://storage.googleapis.com/sunrisesunset-32a25.firebasestorage.app/snapshots/16360/1770182940185.jpg,0.0,False,False,0.95,True,overcast gray and white,,day,full,"Completely overcast daytime sky with no visible sun, sunrise, or sunset colors present.",claude-sonnet-4-5,anthropic,2026-05-07T06:41:02.621741+00:00,1.00,1
66599,webcam,1372,https://storage.googleapis.com/sunrisesunset-32a25.firebasestorage.app/snapshots/1372/1770182945252.jpg,0.25,True,False,0.7,True,muted gray and pale orange tones,,twilight,full,"Heavily overcast sky with only faint warm tones barely visible through thick cloud cover, resulting in minimal color display.",claude-sonnet-4-5,anthropic,2026-05-07T06:41:08.359917+00:00,1.00,1
66600,webcam,1946,https://storage.googleapis.com/sunrisesunset-32a25.firebasestorage.app/snapshots/1946/1770182947801.jpg,0.0,False,False,0.95,True,gray and white overcast,,day,full,"Overcast winter daytime scene with no visible sun, warm colors, or sunset/sunrise characteristics.",claude-sonnet-4-5,anthropic,2026-05-07T06:41:12.809024+00:00,1.00,1
66601,webcam,2929663,https://storage.googleapis.com/sunrisesunset-32a25.firebasestorage.app/snapshots/2929663/1770182952740.jpg,0.45,True,False,0.7,True,soft pastel blues and pinks with light orange tones,,twilight,full,"Subtle pastel colors in the sky with gentle cloud formations, but lacks the dramatic vivid hues of a higher quality sunset.",claude-sonnet-4-5,anthropic,2026-05-07T06:41:18.296631+00:00,2.00,1
66602,webcam,10360409,https://storage.googleapis.com/sunrisesunset-32a25.firebasestorage.app/snapshots/10360409/1770182961697.jpg,0.45,True,True,0.75,False,soft pink and purple hues with pale blue,,twilight,partial,"Gentle pastel colors in the sky with modest pink and purple tones, but lacking dramatic clouds or vivid intensity.",claude-sonnet-4-5,anthropic,2026-05-07T06:41:23.458910+00:00,1.00,1
66603,webcam,281167,https://storage.googleapis.com/sunrisesunset-32a25.firebasestorage.app/snapshots/281167/1770187130378.jpg,0.72,True,False,0.85,True,"Golden orange, warm yellow, soft pink with purple-gray clouds",,golden_hour,full,Vivid golden and orange hues with layered clouds creating good depth and drama across the horizon.,claude-sonnet-4-5,anthropic,2026-05-07T06:41:29.910058+00:00,5.00,1
66604,webcam,8313324,https://storage.googleapis.com/sunrisesunset-32a25.firebasestorage.app/snapshots/8313324/1770187135450.jpg,0.72,True,False,0.85,True,"warm orange, pink, and peach tones transitioning to cool blue-gray",,golden_hour,full,Vivid orange and pink sunset colors on the horizon with dramatic cloud formations and a smooth color gradient across the entire sky over the ocean.,claude-sonnet-4-5,anthropic,2026-05-07T06:41:36.158730+00:00,5.00,1
66605,webcam,445536,https://storage.googleapis.com/sunrisesunset-32a25.firebasestorage.app/snapshots/445536/1770187138964.jpg,0.0,False,False,0.95,False,"complete darkness, black",,night,full,"The image shows complete darkness with no visible sunset, sunrise, or any sky colors whatsoever.",claude-sonnet-4-5,anthropic,2026-05-07T06:41:41.054489+00:00,1.00,1
66606,webcam,10148195,https://storage.googleapis.com/sunrisesunset-32a25.firebasestorage.app/snapshots/10148195/1770187141516.jpg,0.0,False,False,0.95,True,gray and overcast with muted teal-green water,,day,full,Completely overcast gray sky with no visible sun or sunset/sunrise colors present.,claude-sonnet-4-5,anthropic,2026-05-07T06:41:45.587878+00:00,1.00,1
66607,webcam,10147673,https://storage.googleapis.com/sunrisesunset-32a25.firebasestorage.app/snapshots/10147673/1770187147991.jpg,0.0,False,False,0.95,False,"gray, white, muted brown",fog,day,partial,"No sunset or sunrise visible, only foggy overcast conditions with gray sky and poor visibility.",claude-sonnet-4-5,anthropic,2026-05-07T06:41:50.037189+00:00,1.00,1
66608,webcam,6810991,https://storage.googleapis.com/sunrisesunset-32a25.firebasestorage.app/snapshots/6810991/1770187153028.jpg,0.0,False,False,1.0,True,uniform gray and white overcast,,day,full,"Completely overcast winter day with no visible sun, color, or sunset/sunrise characteristics.",claude-sonnet-4-5,anthropic,2026-05-07T06:41:54.476417+00:00,1.00,1
66609,webcam,7007937,https://storage.googleapis.com/sunrisesunset-32a25.firebasestorage.app/snapshots/7007937/1770187156249.jpg,0.0,False,False,0.95,False,white and gray overcast,,day,partial,Overcast daytime scene with completely white/gray sky showing no sunset or sunrise colors whatsoever.,claude-sonnet-4-5,anthropic,2026-05-07T06:41:58.677164+00:00,1.00,1
66610,webcam,7014879,https://storage.googleapis.com/sunrisesunset-32a25.firebasestorage.app/snapshots/7014879/1770187158668.jpg,0.0,False,False,0.95,False,overcast gray-white,,day,partial,"Overcast winter daytime scene with no visible sun, sunset, or sunrise colors present.",claude-sonnet-4-5,anthropic,2026-05-07T06:42:03.286548+00:00,1.00,1
66611,webcam,8200048,https://storage.googleapis.com/sunrisesunset-32a25.firebasestorage.app/snapshots/8200048/1770187162362.jpg,0.0,False,False,0.95,True,uniform gray overcast,,day,full,"Completely overcast gray sky with no visible sun, color, or sunset/sunrise characteristics.",claude-sonnet-4-5,anthropic,2026-05-07T06:42:08.203347+00:00,1.00,1
66612,webcam,8109945,https://storage.googleapis.com/sunrisesunset-32a25.firebasestorage.app/snapshots/8109945/1770187165795.jpg,0.55,True,False,0.75,False,"soft pink, peach, and pale blue gradient",,twilight,mostly,"Gentle pastel colors across the horizon with a smooth gradient, but lacking dramatic clouds or intense saturation.",claude-sonnet-4-5,anthropic,2026-05-07T06:42:13.210670+00:00,1.00,1
66613,webcam,8492695,https://storage.googleapis.com/sunrisesunset-32a25.firebasestorage.app/snapshots/8492695/1770187167175.jpg,0.0,False,False,0.95,False,uniform gray and white,fog,unclear,full,Complete fog or heavy overcast obscures any potential sunset or sunrise colors entirely.,claude-sonnet-4-5,anthropic,2026-05-07T06:42:19.835058+00:00,3.00,1
66614,webcam,10523495,https://storage.googleapis.com/sunrisesunset-32a25.firebasestorage.app/snapshots/10523495/1770187170014.jpg,0.0,False,False,0.95,True,uniform gray overcast,,day,full,"Completely overcast gray sky with no visible sun, color, or sunset/sunrise characteristics.",claude-sonnet-4-5,anthropic,2026-05-07T06:42:25.520627+00:00,1.00,1
66615,webcam,8173430,https://storage.googleapis.com/sunrisesunset-32a25.firebasestorage.app/snapshots/8173430/1770187170814.jpg,0.0,False,False,0.95,True,overcast gray and white,,day,full,"Completely overcast daytime sky with no visible sun, sunrise, or sunset colors present.",claude-sonnet-4-5,anthropic,2026-05-07T06:42:29.777719+00:00,1.00,1
66616,webcam,10479822,https://storage.googleapis.com/sunrisesunset-32a25.firebasestorage.app/snapshots/10479822/1770187426883.jpg,0.0,False,False,0.95,False,white and gray overcast,fog,day,full,Heavy fog and overcast conditions completely obscure any potential sunset or sunrise colors.,claude-sonnet-4-5,anthropic,2026-05-07T06:42:35.442445+00:00,1.00,1
66617,webcam,2921342,https://storage.googleapis.com/sunrisesunset-32a25.firebasestorage.app/snapshots/2921342/1770187452202.jpg,0.45,True,True,0.7,False,"soft pink, peach, and pale blue gradient",,twilight,partial,"Gentle pastel colors in the sky with minimal drama, partially obscured by trees and power lines in the foreground.",claude-sonnet-4-5,anthropic,2026-05-07T06:42:40.423779+00:00,3.00,1
66618,webcam,8204114,https://storage.googleapis.com/sunrisesunset-32a25.firebasestorage.app/snapshots/8204114/1770242047031.jpg,0.55,True,False,0.75,False,"soft orange, peach, and teal blue gradient",,twilight,full,"Decent sunset with soft orange and peach tones along the horizon fading to blue, but lacking dramatic clouds or vivid colors.",claude-sonnet-4-5,anthropic,2026-05-07T06:42:45.051774+00:00,5.00,1
66619,webcam,8204930,https://storage.googleapis.com/sunrisesunset-32a25.firebasestorage.app/snapshots/8204930/1770242050292.jpg,0.45,True,True,0.7,False,"pale yellow, soft orange, blue-gray gradient",,twilight,full,"Subtle pastel colors with minimal drama, showing a gentle transition between day and night with muted tones.",claude-sonnet-4-5,anthropic,2026-05-07T06:42:50.942582+00:00,4.00,1
66620,webcam,3798295,https://storage.googleapis.com/sunrisesunset-32a25.firebasestorage.app/snapshots/3798295/1770242053939.jpg,0.55,True,False,0.75,False,turquoise blue transitioning to soft peach and pink near horizon,,twilight,full,"Decent twilight scene with subtle pastel colors in the sky, but lacks dramatic clouds or vivid saturation for a higher rating.",claude-sonnet-4-5,anthropic,2026-05-07T06:42:57.059912+00:00,5.00,1
66621,webcam,9212,https://storage.googleapis.com/sunrisesunset-32a25.firebasestorage.app/snapshots/9212/1770242060949.jpg,0.55,True,False,0.75,False,Orange and peach gradient fading to blue-gray,,golden_hour,full,Decent sunset with warm orange tones along the horizon but lacking dramatic clouds or vivid colors throughout the sky.,claude-sonnet-4-5,anthropic,2026-05-07T06:43:02.681296+00:00,3.00,1
66622,webcam,3168672,https://storage.googleapis.com/sunrisesunset-32a25.firebasestorage.app/snapshots/3168672/1770242065855.jpg,0.35,True,True,0.7,False,pale pink and peach with muted blue-gray,,twilight,partial,"Weak sunrise with minimal color showing only pale pink and peach tones in a hazy, overcast sky.",claude-sonnet-4-5,anthropic,2026-05-07T06:43:08.490135+00:00,1.00,1
66623,webcam,7363288,https://storage.googleapis.com/sunrisesunset-32a25.firebasestorage.app/snapshots/7363288/1770242070590.jpg,0.45,True,False,0.7,True,"pale yellow, white, and gray with muted warm tones",,golden_hour,full,Moderate sunset with bright light breaking through clouds but limited color saturation and mostly washed-out pale tones.,claude-sonnet-4-5,anthropic,2026-05-07T06:43:14.456248+00:00,1.00,1
66624,webcam,3309592,https://storage.googleapis.com/sunrisesunset-32a25.firebasestorage.app/snapshots/3309592/1770242074052.jpg,0.45,True,True,0.75,False,soft orange and yellow gradient fading to pale blue,,golden_hour,full,Clear sunrise with gentle warm colors along the horizon but lacking dramatic clouds or vivid saturation.,claude-sonnet-4-5,anthropic,2026-05-07T06:43:20.561232+00:00,5.00,1
66625,webcam,12586,https://storage.googleapis.com/sunrisesunset-32a25.firebasestorage.app/snapshots/12586/1770242077043.jpg,0.0,False,False,0.95,False,uniform gray-blue overcast,,day,full,"Completely overcast gray sky with no visible sun, color, or sunset/sunrise characteristics.",claude-sonnet-4-5,anthropic,2026-05-07T06:43:26.642232+00:00,1.00,1
66626,webcam,333,https://storage.googleapis.com/sunrisesunset-32a25.firebasestorage.app/snapshots/333/1770242079072.jpg,0.0,False,False,0.95,True,"dark gray and blue, overcast",,night,full,"No sunset or sunrise visible, just a dark overcast night sky with no color.",claude-sonnet-4-5,anthropic,2026-05-07T06:43:31.557276+00:00,1.00,1
66627,webcam,536,https://storage.googleapis.com/sunrisesunset-32a25.firebasestorage.app/snapshots/536/1770242081797.jpg,0.35,True,False,0.7,False,pale pink and gray with muted orange tones,,twilight,full,Weak sunset with minimal color showing only faint pink and orange hues in an otherwise gray overcast sky.,claude-sonnet-4-5,anthropic,2026-05-07T06:43:38.124407+00:00,1.00,1
66628,webcam,4833856,https://storage.googleapis.com/sunrisesunset-32a25.firebasestorage.app/snapshots/4833856/1770242085823.jpg,0.0,False,False,0.95,True,"gray, white, muted blue-gray overcast",,day,full,"Overcast daytime conditions with no visible sun, warm colors, or golden/pink hues characteristic of sunrise or sunset.",claude-sonnet-4-5,anthropic,2026-05-07T06:43:43.846029+00:00,2.00,1
66629,webcam,10166398,https://storage.googleapis.com/sunrisesunset-32a25.firebasestorage.app/snapshots/10166398/1770242087891.jpg,0.0,False,False,0.95,False,uniform gray overcast,,day,partial,"Completely overcast gray sky with no visible sun, color, or sunset/sunrise characteristics.",claude-sonnet-4-5,anthropic,2026-05-07T06:43:48.429433+00:00,1.00,1
66630,webcam,3767,https://storage.googleapis.com/sunrisesunset-32a25.firebasestorage.app/snapshots/3767/1770242092432.jpg,0.45,True,False,0.75,True,"soft pink, peach, and gray tones",,twilight,partial,Muted pastel colors visible through overcast clouds with limited dramatic impact due to heavy cloud cover and urban obstruction.,claude-sonnet-4-5,anthropic,2026-05-07T06:43:54.800174+00:00,1.00,1
66631,webcam,2369954,https://storage.googleapis.com/sunrisesunset-32a25.firebasestorage.app/snapshots/2369954/1770242099187.jpg,0.65,True,False,0.75,True,"soft golden yellows, warm peach, light blue, and gray",,golden_hour,full,"Pleasant golden hour scene with warm pastel colors and scattered clouds, though colors are somewhat muted rather than vivid.",claude-sonnet-4-5,anthropic,2026-05-07T06:44:02.174938+00:00,3.00,1
66632,webcam,2950350,https://storage.googleapis.com/sunrisesunset-32a25.firebasestorage.app/snapshots/2950350/1770242100918.jpg,0.0,False,False,0.95,False,"overcast gray, neutral tones",,day,partial,Overcast daytime conditions with no visible sunset or sunrise colors in the sky.,claude-sonnet-4-5,anthropic,2026-05-07T06:44:06.367639+00:00,1.00,1
66633,webcam,598510,https://storage.googleapis.com/sunrisesunset-32a25.firebasestorage.app/snapshots/598510/1770242106155.jpg,0.72,True,False,0.85,True,"Orange, pink, purple, and blue with golden highlights",,golden_hour,mostly,Vivid orange and pink clouds with dramatic purple tones create a colorful sunset scene over the marina and waterway.,claude-sonnet-4-5,anthropic,2026-05-07T06:44:13.941847+00:00,4.00,1
66634,webcam,7071249,https://storage.googleapis.com/sunrisesunset-32a25.firebasestorage.app/snapshots/7071249/1770242110360.jpg,0.0,False,False,0.95,False,overcast gray-white,,day,partial,"Overcast daytime winter scene with no visible sunset or sunrise colors, just uniform gray-white sky.",claude-sonnet-4-5,anthropic,2026-05-07T06:44:18.160678+00:00,1.00,1
66635,webcam,3593624,https://storage.googleapis.com/sunrisesunset-32a25.firebasestorage.app/snapshots/3593624/1770242114928.jpg,0.45,True,False,0.75,False,pale orange and blue-gray gradient,,twilight,partial,"Modest twilight colors with a pale orange glow on the horizon, but limited dramatic color saturation and cloud interest.",claude-sonnet-4-5,anthropic,2026-05-07T06:44:26.002598+00:00,1.00,1
66636,webcam,7035558,https://storage.googleapis.com/sunrisesunset-32a25.firebasestorage.app/snapshots/7035558/1770242123244.jpg,0.55,True,False,0.75,True,soft pink and purple hues with blue tones,,twilight,full,Gentle pastel colors with soft pink and purple clouds visible but lacking intense dramatic vibrancy.,claude-sonnet-4-5,anthropic,2026-05-07T06:44:30.755958+00:00,4.00,1
66637,webcam,4068162,https://storage.googleapis.com/sunrisesunset-32a25.firebasestorage.app/snapshots/4068162/1770242126890.jpg,0.0,False,False,0.95,True,"dark gray, muted teal, overcast",,twilight,full,"No sunset or sunrise colors visible, only dark overcast sky with no warm tones.",claude-sonnet-4-5,anthropic,2026-05-07T06:44:35.764931+00:00,1.00,1
66638,webcam,8199529,https://storage.googleapis.com/sunrisesunset-32a25.firebasestorage.app/snapshots/8199529/1770242130420.jpg,0.0,False,False,0.95,True,"uniform gray, overcast",,day,full,"Completely overcast gray sky with no visible sun, color, or sunset/sunrise characteristics.",claude-sonnet-4-5,anthropic,2026-05-07T06:44:43.968119+00:00,1.00,1
66639,webcam,160,https://storage.googleapis.com/sunrisesunset-32a25.firebasestorage.app/snapshots/160/1770242142775.jpg,0.45,True,True,0.7,False,soft pink and pale blue gradient,,twilight,partial,"Gentle pastel colors in the sky with minimal drama, showing a modest sunrise over a snowy industrial landscape.",claude-sonnet-4-5,anthropic,2026-05-07T06:44:49.069365+00:00,4.00,1
66640,webcam,10081819,https://storage.googleapis.com/sunrisesunset-32a25.firebasestorage.app/snapshots/10081819/1770242145970.jpg,0.0,False,False,0.95,True,overcast gray and white,,day,mostly,"Overcast daytime conditions with no visible sun, warm colors, or golden hour lighting present.",claude-sonnet-4-5,anthropic,2026-05-07T06:44:53.872115+00:00,1.00,1
66641,webcam,1946,https://storage.googleapis.com/sunrisesunset-32a25.firebasestorage.app/snapshots/1946/1770242151266.jpg,0.45,True,True,0.75,True,"Pale blue, soft yellow, and light gray with subtle warm tones near horizon",,blue_hour,full,"Subtle sunrise colors with muted pastels and light cloud coverage, but lacks dramatic vivid hues.",claude-sonnet-4-5,anthropic,2026-05-07T06:45:00.138949+00:00,2.00,1
66642,webcam,2934167,https://storage.googleapis.com/sunrisesunset-32a25.firebasestorage.app/snapshots/2934167/1770242153598.jpg,0.0,False,False,0.95,True,"pale blue-gray, white, overcast winter tones",,day,full,"Overcast winter daytime scene with no visible sun, warm colors, or sunset/sunrise characteristics.",claude-sonnet-4-5,anthropic,2026-05-07T06:45:05.132979+00:00,1.00,1
